{
    "start": "2024-08-29T09:32:45.791329",
    "num_accelerators": 4,
    "num_hosts": 4,
    "hostname": "LAPTOP-IQ59PHNK",
    "metric": {
        "train_au_percentage": [
            99.14358995764648,
            98.25809758779923,
            99.14040392212424,
            98.83670981362691,
            99.18216597150376,
            99.54266944882922,
            98.7499470632211,
            99.00562557455947,
            98.52448708493695,
            99.30035979653243
        ],
        "train_au_mean_percentage": 98.96840562207798,
        "train_au_meet_expectation": "success",
        "train_au_stdev_percentage": 0.3624904680442275,
        "train_throughput_samples_per_second": [
            12.806213396744333,
            15.736400231466973,
            15.85967408590077,
            15.77498009842469,
            15.852350402216128,
            15.895431499441951,
            15.786015975103831,
            15.81449306683847,
            15.746356160954953,
            15.822000312035652
        ],
        "train_throughput_mean_samples_per_second": 15.509391522912773,
        "train_throughput_stdev_samples_per_second": 0.9023343222818079,
        "train_io_mean_MB_per_second": 0.06058356063637802,
        "train_io_stdev_MB_per_second": 0.003524743446413312,
        "eval_au_percentage": [
            24.789523007076262,
            24.798715715924992,
            24.829521048745683,
            24.76701560787574,
            24.823031831307468,
            24.823031831307468,
            24.81928326821061,
            24.799607208369718,
            24.81058015874781,
            24.81589995787401,
            24.783394414792664,
            24.744747579391017,
            24.762149458554685,
            24.788011084177626,
            24.8261937254538,
            24.782539230858678,
            24.757799617314895,
            24.83743731281486,
            24.850375323671344,
            24.724454898883483,
            24.71696005076451,
            24.714932677018922,
            24.825605951842054,
            24.8399320404081,
            24.84024980112658,
            24.73540811054994,
            24.734171159853016,
            24.857338463901748,
            24.816311074822202,
            24.798011951373404,
            24.757261839889615,
            24.73978510860179,
            24.85916531415108,
            24.803960019434864,
            24.850728688578595,
            24.800815517539068,
            24.767752715515794,
            24.821292545251488,
            24.745039551435745,
            24.81236491433315
        ],
        "eval_au_mean_percentage": 24.794259994443614,
        "eval_au_meet_expectation": "fail",
        "eval_au_stdev_percentage": 0.040665972479837824,
        "eval_throughput_samples_per_second": [
            1.1045596388030485,
            1.9680069555604718,
            1.9691803822064537,
            1.973564434749344,
            1.975894328878236,
            1.9695988113764498,
            1.9708477578767698,
            1.9753387832531293,
            1.9558583481096254,
            1.956471888833432,
            1.139108653692343,
            1.9682854022843408,
            1.9669778946748895,
            1.969210891472841,
            1.9770445655955073,
            1.968606891502139,
            1.9708588708417434,
            1.9804079420217866,
            1.9453373842024915,
            1.9651370412728517,
            1.1146789710084881,
            1.9656900869429104,
            1.9592542947838052,
            1.9711751798437742,
            1.9766644202628765,
            1.966144360506801,
            1.9712038981327087,
            1.9798269594275817,
            1.9536787190684133,
            1.9645037926601079,
            1.1615386862797579,
            1.9686249090914638,
            1.9595064681451444,
            1.9727814460982656,
            1.9786324131126551,
            1.9667722116260449,
            1.9726111923697367,
            1.974936975165814,
            1.9616454552427418,
            1.962191029357518
        ],
        "eval_throughput_mean_samples_per_second": 1.8843089584083625,
        "eval_throughput_stdev_samples_per_second": 0.25164750536867214,
        "eval_io_mean_MB_per_second": 0.007360581868782666,
        "eval_io_stdev_MB_per_second": 0.0009829980678463756
    },
    "num_files_train": 64,
    "num_files_eval": 8,
    "num_samples_per_file": 1,
    "host_cpu_count": [
        12,
        12,
        12,
        12
    ],
    "host_processor_name": "",
    "potential_caching": [
        1,
        1,
        1,
        1
    ],
    "host_cpuinfo": {
        "vendor_id": "GenuineIntel",
        "cpu family": "6",
        "model": "186",
        "model name": "13th Gen Intel(R) Core(TM) i5-1335U",
        "stepping": "3",
        "microcode": "0xffffffff",
        "cpu MHz": "2495.999",
        "cache size": "12288 KB",
        "physical id": "0",
        "siblings": "12",
        "core id": "5",
        "cpu cores": "6",
        "apicid": "11",
        "initial apicid": "11",
        "fpu": "yes",
        "fpu_exception": "yes",
        "cpuid level": "28",
        "wp": "yes",
        "flags": "fpu vme de pse tsc msr pae mce cx8 apic sep mtrr pge mca cmov pat pse36 clflush mmx fxsr sse sse2 ss ht syscall nx pdpe1gb rdtscp lm constant_tsc rep_good nopl xtopology tsc_reliable nonstop_tsc cpuid pni pclmulqdq vmx ssse3 fma cx16 sse4_1 sse4_2 x2apic movbe popcnt tsc_deadline_timer aes xsave avx f16c rdrand hypervisor lahf_lm abm 3dnowprefetch ssbd ibrs ibpb stibp ibrs_enhanced tpr_shadow vnmi ept vpid ept_ad fsgsbase tsc_adjust bmi1 avx2 smep bmi2 erms invpcid rdseed adx smap clflushopt clwb sha_ni xsaveopt xsavec xgetbv1 xsaves avx_vnni umip waitpkg gfni vaes vpclmulqdq rdpid movdiri movdir64b fsrm md_clear serialize flush_l1d arch_capabilities",
        "vmx flags": "vnmi invvpid ept_x_only ept_ad ept_1gb tsc_offset vtpr ept vpid unrestricted_guest ept_mode_based_exec tsc_scaling usr_wait_pause",
        "bugs": "spectre_v1 spectre_v2 spec_store_bypass swapgs retbleed eibrs_pbrsb",
        "bogomips": "4991.99",
        "clflush size": "64",
        "cache_alignment": "64",
        "address sizes": "39 bits physical, 48 bits virtual",
        "power management": ""
    },
    "host_meminfo": {
        "MemTotal": "7953560 kB",
        "MemFree": "3701376 kB",
        "MemAvailable": "4783744 kB",
        "Buffers": "95036 kB",
        "Cached": "1143592 kB",
        "SwapCached": "0 kB",
        "Active": "726796 kB",
        "Inactive": "3044448 kB",
        "Active(anon)": "2108 kB",
        "Inactive(anon)": "2541932 kB",
        "Active(file)": "724688 kB",
        "Inactive(file)": "502516 kB",
        "Unevictable": "0 kB",
        "Mlocked": "0 kB",
        "SwapTotal": "2097152 kB",
        "SwapFree": "2097152 kB",
        "Dirty": "68 kB",
        "Writeback": "0 kB",
        "AnonPages": "2519168 kB",
        "Mapped": "616996 kB",
        "Shmem": "11424 kB",
        "KReclaimable": "141200 kB",
        "Slab": "201644 kB",
        "SReclaimable": "141200 kB",
        "SUnreclaim": "60444 kB",
        "KernelStack": "6864 kB",
        "PageTables": "22736 kB",
        "NFS_Unstable": "0 kB",
        "Bounce": "0 kB",
        "WritebackTmp": "0 kB",
        "CommitLimit": "6073932 kB",
        "Committed_AS": "6278708 kB",
        "VmallocTotal": "34359738367 kB",
        "VmallocUsed": "27892 kB",
        "VmallocChunk": "0 kB",
        "Percpu": "5760 kB",
        "AnonHugePages": "770048 kB",
        "ShmemHugePages": "0 kB",
        "ShmemPmdMapped": "0 kB",
        "FileHugePages": "0 kB",
        "FilePmdMapped": "0 kB",
        "HugePages_Total": "0",
        "HugePages_Free": "0",
        "HugePages_Rsvd": "0",
        "HugePages_Surp": "0",
        "Hugepagesize": "2048 kB",
        "Hugetlb": "0 kB",
        "DirectMap4k": "56320 kB",
        "DirectMap2M": "5001216 kB",